<?xml version="1.0" encoding="UTF-8"?><!--ebb: commenting out missing schema for the purpose of the XSLT homework exercise
    <?xml-model href="MontageofADreamDeferred.rnc" type="application/relax-ng-compact-syntax"?>--><xml>
    <text>
        <!-- contributor: Amaya Willis -->
        <pb pNum="218"/>
        <poem xml:id="p-1">
            <title/>
            <stanza>
                    <li n="1"/>Leave me and my name
                    <li n="2"/>Just like I am!
                </stanza><stanza>
                    <li n="3"/>Furthermore, rub out
                    <li n="4"/>That <format wordType="caps">MRS</format>., too-
                    <li n="5"/>I'll have you know
                    <li n="6"/>I'm <format wordType="italics">Madam</format> to you!
                </stanza>
        </poem>
        <pb pNum="0"/>
        <title>
            <format wordType="caps" margin="leftCenter">MONTAGE OF A DREAM DEFERRED</format>
        </title>
        <pb pNum="221"/>
        <poem xml:id="p-2">
            <title/>

            <stanza>
                    <li n="1"/>Good morning, daddy!
                    <li n="2"/>Ain't you heard
                    <li n="3"/>The boogie-woogie rumble
                    <li n="4"/>Of a dream deferred?
                </stanza><stanza>
                    <li n="5"/>Listen closely;
                    <li n="6"/>You'll hear their feet
                    <li n="7"/>Beating out and beating out a-
                </stanza><stanza>
                    <li n="8"/>
                        <format wordType="italics" margin="ind1">You think</format>
                    
                    <li n="9"/>
                        <format wordType="italics" margin="ind1">It's a happy beat?</format>
                    
                </stanza><stanza>
                    <li n="10"/>Listen to it closely;
                    <li n="11"/>Ain't you heard
                    <li n="12"/>something underneath
                    <li n="13"/>like a-
                </stanza><stanza>
                    <li n="14"/>
                        <format wordType="italics" margin="ind1">What did I say?</format>
                    
                </stanza><stanza>
                    <li n="15"/>Sure,
                    <li n="16"/>I'm happy!
                    <li n="17"/>Take it away!
                </stanza><stanza>
                    <li n="18"/>
                        <format wordType="italics" margin="ind1">Hey, pop!</format>
                    
                    <li n="19"/>
                        <format wordType="italics" margin="ind1">Re-bop!</format>
                    
                    <li n="20"/>
                        <format wordType="italics" margin="ind1">Mop!</format>
                    
                </stanza><stanza>
                    <li n="21"/>
                        <format wordType="italics" margin="ind1">Y-e-a-h!</format>
                    
                </stanza>
        </poem>
        <pb pNum="222"/>
        <poem xml:id="p-3">
            <title/>
            <stanza>
                    <li n="1"/>Seven ladies
                    <li n="2"/>and seventeen gentlemen
                    <li n="3"/>at the Elks Club Lounge
                    <li n="4"/><format wordType="underline">planning planning</format> a
                        parade:
                    <li n="5"/>Grand Marshal in his white suit
                    <li n="6"/>will lead it.
                    <li n="7"/>Cadilacs with dignitaries
                    <li n="8"/>will precede it.
                    <li n="9"/>And behind will come
                    <li n="10"/>with band and drum
                    <li n="11"/>on foot... on foot...
                    <li n="12"/>on foot...
                </stanza><stanza>
                    <li n="13"/>Motorcycle cops,
                    <li n="14"/>white,
                    <li n="15"/>will speed it
                    <li n="16"/>out of sight
                    <li n="17"/>if they can;
                    <li n="18"/>Solid black,
                    <li n="19"/>can't be right.
                </stanza><stanza>
                    <li n="20"/>Marching... marching...
                    <li n="21"/>marching...
                    <li n="22"/>noon till night...
                </stanza><stanza>
                    <li n="23"/>
                        <format wordType="italics" margin="ind1">I never knew</format>
                    
                    <li n="24"/>
                        <format wordType="italics" margin="ind1">that many Negroes</format>
                    
                    <li n="25"/><format wordType="italics" margin="ind1"/>were on earth,
                    <li n="26"/><format wordType="italics" margin="ind1"/>did you?
                </stanza><stanza>
                    <li n="27"/>
                        <format wordType="italics" margin="ind1">I never knew!</format>
                    
                </stanza><stanza>
                    <li n="27"/>
                        <format wordType="caps" margin="ind2">PARADE</format>
                    
                </stanza><pb pNum="223"/><stanza>
                    <li n="28"/>
                        <format margin="ind1">A chance to let</format>
                    
                </stanza><stanza>
                    <li n="29"/>
                        <format wordType="caps" margin="ind2">PARADE</format>
                    
                </stanza><stanza>
                    <li n="30"/>
                        <format margin="ind1">the whole world see</format>
                    
                </stanza><stanza>
                    <li n="31"/>
                        <format wordType="caps" margin="ind2">PARADE</format>
                    
                </stanza><stanza>
                    <li n="32"/>
                        <format margin="ind1">old black me!</format>
                    
                </stanza>
        </poem>
        <!-- <margin> AW: something is written here, I can't tell what it says </margin> -->
        <poem xml:id="p-4">
            <title/>
            <stanza>
                    <li n="1"/>When I was a
                        chile<!--AW: I assume this is spelled this way to make the poem sound better-->
                        we used to play,
                    <li n="2"/>
                        <q>One-two-buckle my shoe!</q>
                    
                    <li n="3"/>and things like that. But now, Lord,
                    <li n="4"/>listen at them little varmints!
                </stanza><stanza>
                    <li n="5"/>
                        <format wordType="italics" margin="ind1">By what sends</format>
                    
                    <li n="6"/>
                        <format wordType="italics" margin="ind1">the white kids</format>
                    
                    <li n="7"/>
                        <format wordType="italics" margin="ind1">I ain't sent:</format>
                    
                    <li n="8"/>
                        <format wordType="italics" margin="ind1">I know I can't</format>
                    
                    <li n="9"/>
                        <format wordType="italics" margin="ind1">be President.</format>
                    
                </stanza><stanza>
                    <li n="10"/>There is two thousand children
                    <li n="11"/>in this block, I do believe!
                </stanza><stanza>
                    <li n="12"/>
                        <format wordType="italics" margin="ind1">What don't bug</format>
                    
                    <li n="13"/><format wordType="italics" margin="ind1"/>then white kids
                    <li n="14"/><format wordType="italics" margin="ind1"/>sure bugs me;
                    <li n="15"/><format wordType="italics" margin="ind1"/>We knows everybody
                    <li n="16"/><format wordType="italics" margin="ind1"/>ain't free!
                </stanza><pb pNum="224"/><stanza>
                    <li n="17"/>Some of these young ones us cert'ly bad-
                    <li n="18"/>One batted a hard ball right through my window
                    <li n="19"/>and my gold fish et the glass.
                </stanza><stanza>
                    <li n="20"/>
                        <format wordType="italics" margin="ind1">What's written down</format>
                    
                    <li n="21"/>
                        <format wordType="italics" margin="ind1">for white folks</format>
                    
                    <li n="22"/><format wordType="italics" margin="ind1"/>ain't for us
                        a-tall;
                    <li n="23"/>
                        <format wordType="italics" margin="ind1"/>
                        <q>Liberty And Justice-</q>
                    
                    <li n="24"/>
                        <format wordType="italics" margin="ind1"/>
                        <q>Huh-For All.</q>
                    
                </stanza><stanza>
                    <li n="25"/>
                        <format wordType="italics" margin="ind1">Oop-pop-a-da!</format>
                    
                    <li n="26"/>
                        <format wordType="italics" margin="ind1">Skee! Daddle-de-do!</format>
                    
                    <li n="27"/>
                        <format wordType="italics" margin="ind1">Be-bop!</format>
                    
                </stanza><stanza>
                    <li n="28"/>
                        <format margin="ind1">Salt'peanuts!</format>
                    
                </stanza><stanza>
                    <li n="29"/>
                        <format wordType="italics" margin="ind1">De-dop!</format>
                    
                </stanza>
        </poem>
        <poem xml:id="p-5">
            <title/>
            <stanza>
                    <li n="1"/>That little Negro's married and got a kid.
                    <li n="2"/>Why does he keep on foolin' around Marie?
                    <li n="3"/>Marie's my sister-not married to me-
                    <li n="4"/>But why does he keep on foolin' around Marie?
                    <li n="5"/>Why don't she get a boy-friend
                    <li n="6"/>I can understand-some decent man?
                </stanza><stanza>
                    <li n="7"/>
                        <format wordType="italics" margin="ind1">Did it ever occur to you,
                            son,</format>
                    
                    <li n="7"/>
                        <format wordType="italics" margin="ind1">the reason Marie runs around with
                            trash</format>
                    
                    <li n="7"/>
                        <format wordType="italics" margin="ind1">is she wants some cash?</format>
                    
                </stanza><stanza>
                    <li n="8"/>Don't decent folks have dough?
                </stanza><pb pNum="225"/><stanza>
                    <li n="9"/>
                        <format wordType="italics" margin="ind1">Unfortunately usually no!</format>
                    
                </stanza><stanza>
                    <li n="10"/>Well, anyway, it don't have to be a married man.
                </stanza><stanza>
                    <li n="11"/>
                        <format wordType="italics" margin="ind1">Did it ever occur to you,
                            boy,</format>
                    
                    <li n="12"/>
                        <format wordType="italics" margin="ind1">that a woman does the best she
                            can?</format>
                    
                </stanza><stanza>
                    <li n="13"/>
                        <format wordType="italics" margin="ind2">Comment on Stoop</format>
                    
                </stanza><stanza>
                    <li n="14"/>
                        <format wordType="italics">So does a man.</format>
                    
                </stanza>
        </poem>
        <poem xml:id="p-6">
            <title/>
            <stanza>
                    <li n="1"/>I likes a woman
                    <li n="2"/>six or eight and ten years older'n myself.
                    <li n="3"/>I don't fool with these young girls.
                    <li n="4"/>Young girl'll say,
                    <li n="5"/>
                        <format wordType="italics" margin="ind1">Daddy, I want so-and-so.</format>
                    
                    <li n="6"/>
                        <format wordType="italics" margin="ind1">I needs this, that, and the
                            other.</format>
                    
                    <li n="7"/>But a old woman'll say,
                    <li n="8"/>
                        <format wordType="italics" margin="ind1">Honey, what does YOU need?</format>
                    
                    <!--AW: Can I use the same element within itself? I had been using `<format wordType="caps>` for words in all capital letters, but in this case the word in caps is within an already formatted line.-->
                    <li n="9"/>
                        <format wordType="italics" margin="ind1">I just drawed my money
                            tonight</format>
                    
                    <li n="10"/>
                        <format wordType="italics" margin="ind1">and it's all your'n</format>
                    
                    <li n="11"/>That's why I likes a older woman
                    <li n="12"/>who can appreciate me:
                    <li n="13"/>When she conversations you
                    <li n="14"/>it ain't forever, <format wordType="italics">Gimme!</format>
                </stanza>
        </poem>
        <pb pNum="226"/>
        <poem xml:id="p-7">
            <title/>
            <stanza>
                    <li n="1"/>Work?
                    <li n="2"/>I don't have to work.
                    <li n="3"/>I don't have to do nothing
                    <li n="4"/>but eat, drink, stay black, and die.
                    <li n="5"/>This little old furnished room's
                    <li n="6"/>so small I can't whip a cat
                    <li n="7"/>without getting fur in my mouth
                    <li n="8"/>and my landlady's so old
                    <li n="9"/>her features us all run together
                    <li n="10"/>and God knows she sure can overcharge-
                    <li n="11"/>Which is why I reckon I does
                    <li n="12"/>have to work after all.
                </stanza>
        </poem>
        <poem xml:id="p-8">
            <title/>
            <stanza>
                    <li n="1"/>
                        <format wordType="italics" margin="ind1">Said the lady, Can you do</format>
                    
                    <li n="2"/>
                        <format wordType="italics" margin="ind1">what my other man can't
                            do-</format>
                    
                    <li n="3"/>
                        <format wordType="italics" margin="ind1">That is</format>
                    
                    <li n="4"/>
                        <format wordType="italics" margin="ind1">love me, daddy-</format>
                    
                    <li n="5"/>
                        <format wordType="italics" margin="ind1">and feed me, too?</format>
                    
                    <li n="6"/>
                        <format wordType="italics" margin="ind2">Figurine</format>
                    
                    <li n="7"/>
                        <format margin="ind1">De-dop!</format>
                    
                </stanza>
        </poem>
        <pb pNum="227"/>
        <poem xml:id="p-9">
            <title/>
            <stanza>
                    <li n="1"/>That kid's my buddy,
                    <li n="2"/>still and yet
                    <li n="3"/>I don't see him much.
                    <li n="4"/>He works downtown for Twelve a week.
                    <li n="5"/>Has to give his mother Ten-
                    <li n="6"/>she says he can have
                    <li n="7"/>the other Two
                    <li n="8"/>to pay his carfare, buy a suit,
                    <li n="9"/>coat, shoes,
                    <li n="10"/>anything he wants out of it.
                </stanza>
        </poem>
        <poem xml:id="p-10">
            <title/>
            <stanza>
                    <li n="1"/>I could take the Harlem night
                    <li n="2"/>and wrap around you,
                    <li n="3"/>Take the neon lights and make a crown,
                    <li n="4"/>Take the Lenox Avenue busses,
                    <li n="5"/>Taxis, subways,
                    <li n="6"/>And for your love song tone their rumble down.
                    <li n="7"/>Take Harlem's heartbeat,
                    <li n="8"/>Make a drumbeat,
                    <li n="9"/>Put it on a record, let it whirl,
                    <li n="10"/>And while we listen to it play,
                    <li n="11"/>Dance with you till day-
                    <li n="12"/>Dance with you, my sweet brown Harlem girl.
                </stanza>
        </poem>
        <pb pNum="228"/>
        <poem xml:id="p-11">
            <title/>
            <stanza>
                    <li n="1"/>Baby, how come you can't see me
                    <li n="2"/>when I'm paying your bills
                    <li n="3"/>each and every week?
                </stanza><stanza>
                    <li n="4"/>If you got somebody else,
                    <li n="5"/>tell me-
                    <li n="6"/>else I'll cut you off
                    <li n="7"/>without your rent,
                    <li n="8"/>I mean
                    <li n="9"/>without a cent.
                </stanza>
        </poem>
        <poem xml:id="p-12">
            <title/>
            <stanza>
                    <li n="1"/>
                        <format margin="ind1">Daddy,</format>
                    
                    <li n="2"/>
                        <format margin="ind1">don't let your dog</format>
                    
                    <li n="3"/>
                        <format margin="ind1">curb you!</format>
                    
                </stanza>
        </poem>
        <poem xml:id="p-13">
            <title/>
            <stanza>
                    <li n="1"/>
                        <format margin="ind1">I don't give a damn</format>
                    
                    <li n="2"/>
                        <format margin="ind1">For Alabam'</format>
                    
                    <li n="3"/>
                        <format margin="ind1">Even if it is my home.</format>
                    
                </stanza>
        </poem>
        <poem xml:id="p-14">
            <title/>
            <stanza>
                    <li n="1"/>I was born here,
                    <li n="2"/>that's no lie, he said,
                    <li n="3"/>right here beneath God's sky.
                </stanza><pb pNum="229"/><stanza>
                    <li n="4"/>
                        <format wordType="italics">I wasn't born here, she said,</format>
                    
                    <li n="5"/>
                        <format wordType="italics">I come-and why?</format>
                    
                    <li n="6"/>
                        <format wordType="italics">Where I come from</format>
                    
                    <li n="7"/>
                        <format wordType="italics">folks work hard</format>
                    
                    <li n="8"/>
                        <format wordType="italics">all their lives</format>
                    
                    <li n="9"/>
                        <format wordType="italics">until they die</format>
                    
                    <li n="10"/>
                        <format wordType="italics">and never own no parts</format>
                    
                    <li n="11"/>
                        <format wordType="italics">of earth nor sky</format>
                    
                    <li n="12"/>
                        <format wordType="italics">So I come up here.</format>
                    
                    <li n="13"/>
                        <format wordType="italics">Now what've I got?</format>
                    
                    <li n="14"/>
                        <format wordType="italics" margin="ind1">You!</format>
                    
                </stanza><stanza>
                    <li n="15"/>She lifted up her lips
                    <li n="16"/>in the dark:
                    <li n="17"/>The same old spark!
                </stanza>
        </poem>
        <poem xml:id="p-15">
            <title/>
            <stanza>
                    <li n="1"/>Early blue evening.
                    <li n="2"/>Lights ain't come on yet.
                    <li n="3"/>
                        <format wordType="italics" margin="ind1">Looky yonder!</format>
                    
                    <li n="4"/>
                        <format wordType="italics" margin="ind1">They come on now!</format>
                    
                </stanza>
        </poem>
        <poem xml:id="p-16">
            <title/>
            <stanza>
                    <li n="1"/>Down in the bass
                    <li n="2"/>That steady beat
                    <li n="3"/>Walking walking walking
                    <li n="4"/>Like marching feet.
                </stanza>
        </poem>
        <!-- up till 229 -->
        <!-- contributor: Daniel Hough -->
        <pb pNum="230"/>
        <poem xml:id="p-17">
            <title/>
            <stanza>
                    <li n="1"/>The Roosevelt, Renaissance, Gem, Alhambra:
                    <li n="2"/>Harlem Laughing in all the wrong places
                    <li n="3"/>
                        <format margin="ind1">at the crocodile tears</format>
                    
                    <li n="4"/>
                        <format margin="ind1">of crocodile art</format>
                    
                    <li n="5"/>
                        <format margin="ind1">that you know</format>
                    
                    <li n="6"/>
                        <format margin="ind1">in your heart</format>
                    
                    <li n="7"/>
                        <format margin="ind1">is crocodile:</format>
                    
                </stanza><stanza>
                    <li n="8"/>
                        <format margin="ind1">(Hollywood</format>
                    
                    <li n="9"/>
                        <format margin="ind1">laughs at me,</format>
                    
                    <li n="10"/>
                        <format margin="ind1">black--</format>
                    
                    <li n="11"/>
                        <format margin="ind1">so I laugh</format>
                    
                    <li n="12"/>
                        <format margin="ind1">back.)</format>
                    
                </stanza>
        </poem>
        <pb pNum="231"/>
        <poem xml:id="p-18">
            <title/>
            <stanza>
                    <li n="1"/>Why should it be<format wordType="italics">my</format>loneliness,
                    <li n="2"/>Why should it be<format wordType="italics">my</format>song,
                    <li n="3"/>Why should it be<format wordType="italics">my</format>dream
                    <li n="4"/>
                        <format margin="ind1">deferred</format>
                    
                    <li n="5"/>
                        <format margin="ind1">overlong?</format>
                    
                </stanza>
        </poem>
        <poem xml:id="p-19">
            <title/>
            <stanza>
                    <li n="1"/>Well, they rocked him with road-apples
                    <li n="2"/>because he tried to vote
                    <li n="3"/>and whipped his head with clubs
                    <li n="4"/>and he crawled on his knees to his house
                    <li n="5"/>and he got the midnight train
                    <li n="6"/>and he crossed that Dixie line
                    <li n="7"/>now he's livin'
                    <li n="8"/>on a 133rd.
                </stanza><stanza>
                    <li n="9"/>He didn't stop in Washington
                    <li n="10"/>and he didn't stop in Baltimore
                    <li n="11"/>neither in Newark on the way.
                    <li n="12"/>Six knots was on his head
                    <li n="13"/>but, thank God, he wasn'r dead!
                    <li n="14"/>And there ain't no Ku Klux
                    <li n="15"/>on a 133rd
                </stanza>
        </poem>
        <pb pNum="232"/>
        <poem xml:id="p-20">
            <title/>
            <stanza>
                    <li n="1"/>WONDER BAR
                    <li n="2"/>WISHING WELL
                    <li n="3"/>MONTEREY
                    <li n="4"/>MINTON'S
                    <li n="5"/>(ancient altar of Thelonious)
                    <li n="6"/>MANDALAY
                    <li n="7"/>Spots where the booted
                    <li n="8"/>and unbooted play
                    <li n="9"/>SMALL'S
                    <li n="10"/>CASBAH
                </stanza><pb pNum="233"/><stanza>
                    <li n="11"/>SHALIMAR
                    <li n="12"/>Mirror-go-round
                    <li n="13"/>where a broken glass
                    <li n="14"/>in the early bright
                    <li n="15"/>smears re-bop
                    <li n="16"/>sound
                </stanza>
        </poem>
        <poem xml:id="p-21">
            <title/>
            <stanza>
                    <li n="1"/>If I ever hit for a dollar
                    <li n="2"/>gonna salt every dime away
                    <li n="3"/>in the Post Office for a rainy day.
                </stanza><stanza>
                    <li n="4"/>I ain't gonna
                    <li n="5"/>play back a cent.
                </stanza><stanza>
                    <li n="6"/>(Of course, I might
                    <li n="7"/>combinate<format wordType="italics">a little</format>
                    <li n="8"/>with my rent.)
                </stanza>
        </poem>
        <poem xml:id="p-22">
            <title/>
            <stanza>
                    <li n="1"/>I believe my old lady's
                    <li n="2"/>pregnant again!
                </stanza><pb pNum="234"/><stanza>
                    <li n="3"/>Fate must have
                    <li n="4"/>some kind of trickeration
                    <li n="5"/>to populate the
                    <li n="6"/>cullud nation!
                </stanza><stanza>
                    <li n="7"/>
                        <format margin="ind1" wordType="italics">Comment against Lamp Post</format>
                    
                    <li n="8"/>
                        <format wordType="italics">You call it fate?</format>
                    
                </stanza><stanza>
                    <li n="9"/>
                        <format margin="ind1" wordType="italics">Figurette</format>
                    
                    <li n="10"/>
                        <format wordType="italics">De-daddle-dy!</format>
                    
                    <li n="11"/>
                        <format wordType="italics">De-dop!</format>
                    
                </stanza>
        </poem>
        <poem xml:id="p-23">
            <title/>
            <stanza>
                    <li n="1"/>I play it cool
                    <li n="2"/>And dig all jive.
                    <li n="3"/>That's the reason
                    <li n="4"/>I stay alive.
                </stanza><stanza>
                    <li n="5"/>My motto,
                    <li n="6"/>As I live and learn,
                    <li n="7"/>
                        <format margin="ind1">is:</format>
                    
                    <li n="8"/>
                        <format wordType="italics">Dig and Be Dug</format>
                    
                    <li n="9"/>
                        <format wordType="italics">In Return</format>
                    
                </stanza>
        </poem>
        <pb pNum="235"/>
        <poem xml:id="p-24">
            <title/>
            <stanza>
                    <li n="1"/>Sometimes
                    <li n="2"/>A night funeral
                    <li n="3"/>Going by
                    <li n="4"/>Carries home
                    <li n="5"/>A cool bop daddy.
                </stanza><stanza>
                    <li n="6"/>Hearse and flowers
                    <li n="7"/>Guarantee
                    <li n="8"/>He'll never hype
                    <li n="9"/>Another paddy.
                </stanza><stanza>
                    <li n="10"/>It's hard to believe,
                    <li n="11"/>But dead in there,
                    <li n="12"/>He'll never lay a
                    <li n="13"/>Hype nowhere!
                </stanza><stanza>
                    <li n="14"/>He's my ace-boy,
                    <li n="15"/>Gone away.
                    <li n="16"/>
                        <format wordType="italics">Wake up and live!</format>
                    
                    <li n="17"/>He used to say.
                </stanza><stanza>
                    <li n="18"/>Squares
                    <li n="19"/>Who couldn't dig him,
                    <li n="20"/>Plant him now--
                    <li n="21"/>Out where it makes
                    <li n="22"/>No diff' no how.
                </stanza>
        </poem>
        <poem xml:id="p-25">
            <title/>
            <stanza>
                    <li n="1"/>When I rolled three 7's
                    <li n="2"/>in a row
                    <li n="3"/>I was scared to walk out
                    <li n="4"/>with the dough.
                </stanza>
        </poem>
        <pb pNum="236"/>
        <poem xml:id="p-26">
            <title/>
            <stanza>
                    <li n="1"/>Two or three things in the past
                    <li n="2"/>failed him
                    <li n="3"/>that had not failed people
                    <li n="4"/>of lesser genius.
                </stanza><stanza>
                    <li n="5"/>In the first place
                    <li n="6"/>he didn't have much sense.
                    <li n="7"/>He was no good at making love
                    <li n="8"/>and no good at making money.
                    <li n="9"/>So he tapped,
                    <li n="10"/>
                        <format margin="ind1">trucked,</format>
                    
                    <li n="11"/>
                        <format margin="ind1">boogied,</format>
                    
                    <li n="12"/>
                        <format margin="ind1">sanded,</format>
                    
                    <li n="13"/>
                        <format margin="ind1">jittered,</format>
                    
                    <li n="14"/>until he made folks say,
                    <li n="15"/>
                        <format margin="ind1" wordType="italics">Looky yonder</format>
                    
                    <li n="16"/>
                        <format margin="ind1" wordType="italics">at that boy!</format>
                    
                    <li n="15"/>
                        <format margin="ind1" wordType="italics">Hey!</format>
                    
                    <li n="16"/>But being no good at lovin'--
                    <li n="17"/>the girls left him.
                    <li n="18"/>(When you're no good for dough they go.)
                    <li n="19"/>With no sense, just wonderful feet,
                    <li n="20"/>What could possibly be all-reet?
                    <li n="21"/>Did he get anywhere? No!
                </stanza><stanza>
                    <li n="22"/>Even a great dancer
                    <li n="23"/>can't C.P.T.
                    <li n="24"/>a show.
                </stanza>
        </poem>
        <pb pNum="237"/>
        <poem xml:id="p-27">
            <title/>
            <stanza>
                    <li n="1"/>Folks, I'm telling you,
                    <li n="2"/>birthing is hard
                    <li n="3"/>and dying is mean--
                    <li n="4"/>so get yourself
                    <li n="5"/>a little loving
                    <li n="6"/>in between.
                </stanza>
        </poem>
        <poem xml:id="p-28">
            <title/>
            <stanza>
                    <li n="1"/>A wonderful time--the War:
                    <li n="2"/>when money rolled in
                    <li n="3"/>and blood rolled out.
                    <li n="4"/>
                        <format margin="ind1">But blood</format>
                    
                    <li n="5"/>
                        <format margin="ind1">was far away</format>
                    
                    <li n="4"/>
                        <format margin="ind1">from here--</format>
                    
                    <li n="5"/>Money was near.
                </stanza>
        </poem>
        <poem xml:id="p-29">
            <title/>
            <stanza>
                    <li n="1"/>Setting in the wine-house
                    <li n="2"/>Soaking up a wine-souse
                    <li n="3"/>Waiting for tomorrow to come--
                    <li n="4"/>Then
                    <li n="5"/>Setting in the wine-house
                    <li n="6"/>Soaking up a new souse.
                    <li n="7"/>Tomorrow...
                    <li n="8"/>Oh, hum!
                </stanza>
        </poem>
        <pb pNum="238"/>
        <poem xml:id="p-30">
            <title/>
            <stanza>
                    <li n="1"/>My heart is aching
                    <li n="2"/>for them Poles and Greeks
                    <li n="3"/>on relief way across the sea
                    <li n="4"/>because I was on relief
                    <li n="5"/>once in 1933
                </stanza><stanza>
                    <li n="6"/>I know what relief can be--
                    <li n="7"/>it took me two years to get on WPA.
                    <li n="8"/>If the war hadn't come along
                    <li n="9"/>I wouldn't be out the barrel yet.
                    <li n="10"/>Now, I'm almost back in the barrel again.
                </stanza><stanza>
                    <li n="11"/>To tell the truth,
                    <li n="12"/>if these white folks want to go ahead
                    <li n="13"/>and fight another war,
                    <li n="14"/>or even two,
                    <li n="15"/>the one to stop 'em won't be me.
                </stanza><stanza>
                    <li n="16"/>Would you?
                </stanza>
        </poem>
        <poem xml:id="p-31">
            <title/>
            <stanza>
                    <li n="1"/>Landlord, landlord,
                    <li n="2"/>My roof has sprung a leak.
                    <li n="3"/>Don't you 'member I told you about it
                    <li n="4"/>Way last week?
                </stanza><stanza>
                    <li n="5"/>Landlord, landlord
                    <li n="6"/>These steps is broken down.
                    <li n="7"/>When you come up yourself
                    <li n="8"/>It's a wonder you don't fall down
                </stanza><pb pNum="239"/><stanza>
                    <li n="9"/>Ten Bucks you say I owe you?
                    <li n="10"/>Ten Bucks you say is due?
                    <li n="11"/>Well, that's Ten Bucks more'n I'll pay you
                    <li n="12"/>Till you fix this house up new.
                </stanza><stanza>
                    <li n="13"/>What? You gonna get eviction orders?
                    <li n="14"/>You gonna cut off my heat?
                    <li n="15"/>You gonna take my furniture and
                    <li n="16"/>Throw it in the street?
                </stanza><stanza>
                    <li n="17"/>Um-huh! You talking high and mighty.
                    <li n="18"/>Talk on--till you get through.
                    <li n="19"/>You ain't gonna be able to say a word
                    <li n="20"/>If I land my fist on you.
                </stanza><stanza>
                    <li n="21"/>
                        <format wordType="italics">Police! Police!</format>
                    
                    <li n="22"/>
                        <format wordType="italics">Come get this man!</format>
                    
                    <li n="23"/>
                        <format wordType="italics">He's trying to ruin the government</format>
                    
                    <li n="24"/>
                        <format wordType="italics">And overturn the land!</format>
                    
                </stanza><stanza>
                    <li n="25"/>Copper's whistle!
                    <li n="26"/>Patrol Bell!
                    <li n="27"/>Arrest.
                </stanza><stanza>
                    <li n="28"/>Precinct Station.
                    <li n="29"/>Iron cell.
                    <li n="30"/>Headlines in press:
                </stanza><stanza>
                    <li n="31"/>MAN THREATENS LANDLORD
                    <li n="32"/>TENANT HELD ON BAIL
                    <li n="33"/>JUDGE GIVE NEGRO 90 DAYS IN COUNTY JAIL
                </stanza>
        </poem>
        <pb pNum="240"/>
        <poem xml:id="p-32">
            <title/>
            <stanza>
                    <li n="1"/>
                        <format margin="ind1">Ladder, flag, and amplifier</format>
                    
                    <li n="2"/>
                        <format margin="ind1">what the soap box</format>
                    
                    <li n="3"/>
                        <format margin="ind1">used to be</format>
                    
                    <li n="4"/>
                        <format margin="ind1">The speaker catches fire</format>
                    
                    <li n="5"/>
                        <format margin="ind1">looking at their faces.</format>
                    
                    <li n="6"/>
                        <format margin="ind1">His words</format>
                    
                    <li n="7"/>
                        <format margin="ind1">jump down to stand</format>
                    
                    <li n="8"/>
                        <format margin="ind1">in listeners' places.</format>
                    
                </stanza>
        </poem>
        <poem xml:id="p-33">
            <title/>
            <stanza>
                    <li n="1"/>On the day when the Savoy
                    <li n="2"/>leaps clean over to Seventh Avenue
                    <li n="3"/>and starts jitterbugging
                    <li n="4"/>with the Renaissance,
                    <li n="5"/>on that day when Abyssinia Baptist Church
                    <li n="6"/>throws her enormous arms around
                    <li n="7"/>St. James Presbyterian
                    <li n="8"/>and 409 Edgecombe
                    <li n="9"/>stoops to kiss 12 West 133rd,
                    <li n="10"/>on that day--
                    <li n="11"/>Do, Jesus!
                    <li n="12"/>Manhattan Island will whirl
                    <li n="13"/>like a Dizzy Gillespie transcription
                    <li n="14"/>played by Inez and Timmie.
                    <li n="15"/>On that day, Lord,
                    <li n="16"/>Sammy Davis and Marian Anderson
                    <li n="17"/>will sing a duet
                    <li n="18"/>Paul Robeson
                    <li n="19"/>will team up with Jackie Mabley
                    <li n="20"/>and Father Divine will say in truth,
                </stanza><pb pNum="241"/><stanza>
                    <li n="21"/>
                        <format wordType="italics">Peace!</format>
                    
                    <li n="22"/>
                        <format wordType="italics">It's truly</format>
                    
                    <li n="23"/>
                        <format wordType="italics">wonderful!</format>
                    
                </stanza>
        </poem>
        <poem xml:id="p-34">
            <title/>
            <stanza>
                    <li n="1"/>Little cullud boys with beards
                    <li n="2"/>re-bop be-bop mop and stop
                </stanza><stanza>
                    <li n="3"/>Little cullud boys with fears,
                    <li n="4"/>frantic, kick their draftee years
                    <li n="5"/>into flatted and flatter beers
                    <li n="6"/>that at a sudden change become
                    <li n="7"/>sparkling Oriental wines
                    <li n="8"/>rich and strange
                    <li n="9"/>silken bathrobes with gold twines
                    <li n="10"/>and Heilbroner, Crawford,
                    <li n="11"/>Nat-undreamed-of Lewis combines
                    <li n="12"/>in silver thread and diamond notes
                    <li n="13"/>on trade-marks inside
                    <li n="14"/>Howard coats
                </stanza><stanza>
                    <li n="15"/>Little cullud boys in berets
                    <li n="16"/>
                        <format margin="ind1" wordType="italics">oop pop-a-da</format>
                    
                    <li n="17"/>horse a fantasy of days
                    <li n="18"/>
                        <format margin="ind1" wordType="italics">ool ya koo</format>
                    
                    <li n="19"/>and dig all plays.
                </stanza>
        </poem>
        <!-- up to 237 -->
        <!-- contributor: Barbara Cesser -->
        <pb pNum="242"/>
        <poem xml:id="p-35">
            <title/>
            <stanza>
                    <li n="1"/>Tomorrow may be
                    <li n="2"/>a thousand years off
                </stanza><stanza>
                    <li n="3"/>
                        <format wordType="caps">TWO DIMES AND A NICKLE ONLY</format>
                    
                    <li n="4"/>says this particular
                    <li n="5"/>cigarette machine 
                </stanza><stanza>
                    <li n="6"/>
                        <format wordType="italics">Some dawns</format>
                    
                    <li n="7"/>
                        <format wordType="italics">wait.</format>
                    
                </stanza>
        </poem>

        <poem xml:id="p-36">
            <title/>
            <stanza>
                    <li n="1"/>
                        <format margin="ind1">Intro the lap</format>
                    
                    <li n="2"/>
                        <format margin="ind1">of black celebrities</format>
                    
                    <li n="3"/>
                        <format margin="ind1">white girls fall</format>
                    
                    <li n="4"/>
                        <format margin="ind1">like pale plums from a tree</format>
                    
                    <li n="5"/>
                        <format margin="ind1">beyond a high tension wall</format>
                    
                    <li n="6"/>
                        <format margin="ind1">which makes it</format>
                    
                    <li n="7"/>
                        <format margin="ind1">more thrilling.</format>
                    
                </stanza>
        </poem>

        <poem xml:id="p-37">
            <title/>
            <stanza>
                    <li n="1"/>Maybe it ain't right-
                    <li n="2"/>but the people of the night
                    <li n="3"/>will give even
                    <li n="4"/>a snake
                    <li n="5"/>a break.
                </stanza>
        </poem>

        <poem xml:id="p-38">
            <title/>
            <stanza>
                    <li n="1"/>Hemp . . .
                    <li n="2"/>A stick . . 
                    <li n="3"/>A roach . . 
                    <li n="4"/>Straw . . 
                    <li n="5"/>more thrilling.
                </stanza>
        </poem>
        <pb pNum="243"/>
        <poem xml:id="p-39">
            <title/>
            <stanza>
                    <li n="1"/>That whiskey will cook the egg
                    <li n="2"/>
                        <format wordType="italics" margin="ind1">say not so</format>
                    
                    <li n="3"/>
                        <format wordType="italics" margin="ind1">Maybe the egg</format>
                    
                    <li n="4"/>
                        <format wordType="italics" margin="ind1">will cook the whiskey.</format>
                    

                    <li n="5"/>You ought to know!
                </stanza>
        </poem>

        <poem xml:id="p-40">
            <title/>
            <stanza>
                    <li n="1"/>Detectives from the vice squad -
                    <li n="2"/>with weary sadistic eyes
                    <li n="3"/>spotting fairies.
                    <li n="4"/>
                        <format wordType="italics" margin="ind1">Degenerates</format>
                    
                    <li n="5"/>
                        <format margin="ind1">Some folks say</format>
                    
                    <li n="6"/>
                        <format margin="ind1">But God,Nature</format>
                    
                    <li n="7"/>
                        <format margin="ind1"> or somebody</format>
                    
                    <li n="6"/>
                        <format margin="ind1">made them that way</format>
                    
                </stanza><stanza>
                    <li n="8"/>Police lady or Lesbian
                    <li n="9"/> over there?
                    <li n="10"/>
                        <format margin="ind1">Where?</format>
                    
                </stanza>
        </poem>
        <!-- up to 243 -->
        <!-- contributor: Jacqueline Chan -->
        <pb pNum="254"/>
        <pb pNum="254"/>
        <poem xml:id="p-41">
            <title/>
            <stanza>
                    <li n="1"/>
                        <format margin="ind2">Gimme $25.00</format>
                    
                    <li n="2"/>
                        <format margin="ind2">and the change.</format>
                    
                    <li n="3"/>
                        <format margin="ind2">I'm going</format>
                    
                    <li n="4"/>
                        <format margin="ind2">where the morning</format>
                    
                    <li n="5"/>
                        <format margin="ind2">and the evening</format>
                    
                    <li n="6"/>
                        <format margin="ind2">won't bother me.</format>
                    
                </stanza>
        </poem>
        <poem xml:id="p-42">
            <title/>
            <stanza>
                    <li n="1"/>If you're great enough
                    <li n="2"/>and clever enough
                    <li n="3"/>the government might honor you.
                    <li n="4"/>But the people will forget --
                    <li n="5"/>Except on holidays.
                </stanza><stanza>
                    <li n="6"/>A movie house in Harlem named after Lincoln,
                    <li n="7"/>Nothing at all named after John Brown.
                </stanza><pb pNum="255"/><stanza>
                    <li n="8"/>Black people don't remember
                    <li n="9"/>any better than white
                </stanza><stanza>
                    <li n="10"/>If you're not alive and kicking,
                    <li n="11"/>
                        <format wordType="italics">shame on you!</format>
                    
                </stanza>
        </poem>
        <poem xml:id="p-43">
            <title/>
            <stanza>
                    <li n="1"/>What a grand time was the war!
                    <li n="2"/>
                        <format margin="ind1">Oh, my, my!</format>
                    
                    <li n="3"/>What a grand time was the war!
                    <li n="4"/>
                        <format margin="ind1">My, my, my!</format>
                    
                    <li n="5"/>In wartime we had fun,
                    <li n="6"/>Sorry that old war is done!
                    <li n="7"/>What a grand time was the war,
                    <li n="8"/>
                        <format margin="ind1">My, my!</format>
                    
                </stanza><stanza>
                    <li n="9"/>Echo:
                    <li n="10"/>
                        <format wordType="italics" margin="ind1">Did</format>
                    
                    <li n="11"/>
                        <format wordType="italics" margin="ind1">Somebody</format>
                    
                    <li n="12"/>
                        <format wordType="italics" margin="ind1">Die?</format>
                    
                </stanza>
        </poem>
        <poem xml:id="p-44">
            <title/>
            <stanza>
                    <li n="1"/>When a chile gets to be thirteen
                    <li n="2"/>and ain't seen Christ yet,
                    <li n="3"/>she needs to set on de moaner's bench
                    <li n="4"/>night and day.
                </stanza><pb pNum="256"/><stanza>
                    <li n="5"/>
                        <format wordType="italics">Jesus, lover of my soul!</format>
                    
                    <li n="6"/>Hail, Mary, mother of God!
                    <li n="7"/>
                        <format wordType="italics">Let me to thy bosom fly!</format>
                    
                    <li n="8"/>Amen! Hallelujah!
                </stanza><stanza>
                    <li n="9"/>
                        <format wordType="italics">Swing low, sweet chariot,</format>
                    
                    <li n="10"/>
                        <format wordType="italics">Coming for to carry me home.</format>
                    
                </stanza><stanza>
                    <li n="11"/>Sunday morning where the rhythm flows,
                    <li n="12"/>how old nobody knows --
                    <li n="13"/>yet old as mystery,
                    <li n="14"/>older than creed,
                    <li n="15"/>basic and wondering
                    <li n="16"/>and lost as my need.
                </stanza><stanza>
                    <li n="17"/>
                        <format wordType="italics" margin="ind1">Eli, eli!</format>
                    
                    <li n="18"/>
                        <format wordType="italics" margin="ind1">Te deum!</format>
                    
                    <li n="19"/>
                        <format wordType="italics" margin="ind1">Mahomet!</format>
                    
                    <li n="20"/>
                        <format wordType="italics" margin="ind1">Christ!</format>
                    
                </stanza><stanza>
                    <li n="21"/>Father, Bishop, Effendi, Mother Horne.
                    <li n="22"/>Father Drive, a Rabbi black
                    <li n="23"/>as black was born
                    <li n="24"/>a jack-leg preacher, a PH.D.
                </stanza><stanza>
                    <li n="25"/>
                        <format wordType="italics" margin="ind1">The mystery</format>
                    
                    <li n="26"/>
                        <format wordType="italics" margin="ind1">and the darkness</format>
                    
                    <li n="27"/>
                        <format wordType="italics" margin="ind1">and the song</format>
                    
                    <li n="28"/>
                        <format wordType="italics" margin="ind1">and me.</format>
                    
                </stanza>
        </poem>
        <pb pNum="257"/>
        <poem xml:id="p-45">
            <title/>
            <stanza>
                    <li n="1"/>When pimps out of loneliness cry:
                    <li n="2"/>
                        <format wordType="italics" margin="ind1">Great God!</format>
                    
                    <li n="3"/>Whores in final weariness say:
                    <li n="4"/>
                        <format wordType="italics" margin="ind1">Great God!</format>
                    
                    <li n="5"/>
                        <format wordType="italics" margin="ind1">Oh, God!</format>
                    
                    <li n="6"/>
                        <format wordType="italics" margin="ind1">My God!</format>
                    
                </stanza><stanza>
                    <li n="7"/>
                        <format margin="ind1">Great</format>
                    
                    <li n="8"/>
                        <format margin="ind1">God!</format>
                    
                </stanza>
        </poem>
        <poem xml:id="p-46">
            <title/>
            <stanza>
                    <li n="1"/>If I just had a piano,
                    <li n="2"/>if I just had a organ,
                    <li n="3"/>if I just had a drum,
                    <li n="4"/>how I could praise my Lord!
                </stanza><stanza>
                    <li n="5"/>But I don't need no piano,
                    <li n="6"/>
                        <format margin="ind1">neither organ</format>
                    
                    <li n="7"/>
                        <format margin="ind1">nor drum</format>
                    
                    <li n="8"/>for to praise my Lord
                </stanza>
        </poem>
        <poem xml:id="p-47">
            <title/>
            <stanza>
                    <li n="1"/>On sunny summer Sunday afternoons in Harlem
                    <li n="2"/>when the air is one interminable ball game
                    <li n="3"/>and grandma cannot get her gospel hymns
                    <li n="4"/>from the Saints of God in Christ
                    <li n="5"/>on account of the Dodgers on the radio,
                </stanza><pb pNum="258"/><stanza>
                    <li n="6"/>on sunny Sunday afternoons
                    <li n="7"/>when the kids look all new
                    <li n="8"/>and far too clean to stay that way,
                    <li n="9"/>and Harlem has its
                    <li n="10"/>washed-and-ironed-and-cleaned-best out,
                    <li n="11"/>the ones who've crossed the line
                    <li n="12"/>to live downtown
                    <li n="13"/>miss you,
                    <li n="14"/>Harlem of the bitter dream
                    <li n="15"/>since their dream has
                    <li n="16"/>come true.
                </stanza>
        </poem>
        <poem xml:id="p-48">
            <title/>
            <stanza>
                    <li n="1"/>
                        <format margin="ind1">I had a dream</format>
                    
                    <li n="2"/>
                        <format margin="ind1">and I could see</format>
                    
                    <li n="3"/>
                        <format margin="ind1">a million faces</format>
                    
                    <li n="4"/>
                        <format margin="ind1">black as me!</format>
                    
                    <li n="5"/>
                        <format margin="ind1">A nightmare dream:</format>
                    
                    <li n="6"/>
                        <format wordType="italics" margin="ind1">Quicker than light</format>
                    
                    <li n="7"/>
                        <format wordType="italics" margin="ind1">All them faces</format>
                    
                    <li n="8"/>
                        <format wordType="italics" margin="ind1">Turned dead white|</format>
                    
                    <li n="9"/>
                        <format margin="ind1">Boogie-woogie,</format>
                    
                    <li n="10"/>
                        <format margin="ind1">Rolling bass,</format>
                    
                    <li n="11"/>
                        <format margin="ind1">Whirling treble</format>
                    
                    <li n="12"/>
                        <format margin="ind1">of cat-gut lace.</format>
                    
                </stanza>
        </poem>
        <pb pNum="259"/>
        <poem xml:id="p-49">
            <title/>
            <stanza>
                    <li n="1"/>I feel like dancin', baby,
                    <li n="2"/>till the sun goes down.
                </stanza><stanza>
                    <li n="3"/>But I wonder where
                    <li n="4"/>the sunrise
                    <li n="5"/>Monday morning's gonna be?
                </stanza><stanza>
                    <li n="6"/>I feel like dancin'!
                    <li n="7"/>Baby, dance with me!
                </stanza>
        </poem>
        <poem xml:id="p-50">
            <title/>
            <stanza>
                    <li n="1"/>He was a soldier in the army,
                    <li n="2"/>But he doesn't walk like one.
                    <li n="3"/>He walks like his soldiering <format wordType="handwritten">*
                            <!-- jkc: I don't know what is written here --></format>
                    <li n="4"/>Days are done.
                </stanza><stanza>
                    <li n="5"/>Son! ... Son!
                </stanza>
        </poem>
        <poem xml:id="p-51">
            <title/>
            <stanza>
                    <li n="1"/>
                        <format margin="ind1">Night funeral</format>
                    
                    <li n="2"/>
                        <format margin="ind1">In Harlem:</format>
                    
                </stanza><stanza>
                    <li n="3"/>
                        <format wordType="italics" margin="ind1">Where did they get</format>
                    
                    <li n="4"/>
                        <format wordType="italics" margin="ind1">Them two fine cars?</format>
                    
                </stanza><stanza>
                    <li n="5"/>Insurance man, he did not pay -- 
                    <li n="6"/>His insurance lapsed the other day -- 
                </stanza><pb pNum="260"/><stanza>
                    <li n="7"/>Yet they got a satin box
                    <li n="8"/>For his head to lay.
                </stanza><stanza>
                    <li n="9"/>
                        <format margin="ind1">Night funeral</format>
                    
                    <li n="10"/>
                        <format margin="ind1">in Harlem:</format>
                    
                </stanza><stanza>
                    <li n="11"/>
                        <format wordType="italics" margin="ind1">Who was it sent</format>
                    
                    <li n="12"/>
                        <format wordType="italics" margin="ind1">That wreath of flowers?</format>
                    
                </stanza><stanza>
                    <li n="13"/>Them flowers came
                    <li n="14"/>from that poor boy's friends- 
                    <li n="15"/>They'll want flowers, too,
                    <li n="16"/>When they meet their ends.
                </stanza><stanza>
                    <li n="17"/>
                        <format margin="ind1">Night funeral</format>
                    
                    <li n="18"/>
                        <format margin="ind1">in Harlem:</format>
                    
                </stanza><stanza>
                    <li n="19"/>
                        <format wordType="italics" margin="ind1">Who preached that</format>
                    
                    <li n="20"/>
                        <format wordType="italics" margin="ind1">Black boy to his grave?</format>
                    
                </stanza><stanza>
                    <li n="21"/>Old preacher-man
                    <li n="22"/>Preached that boy away-
                    <li n="23"/>Charged Five Dollars
                    <li n="24"/>His girl friend had to pay.
                </stanza><stanza>
                    <li n="25"/>
                        <format margin="ind1">Night funeral</format>
                    
                    <li n="26"/>
                        <format margin="ind1">in Harlem:</format>
                    
                </stanza><stanza>
                    <li n="27"/>When it was all over
                    <li n="28"/>And the lid shut on his head
                    <li n="29"/>and the organ had done played
                    <li n="30"/>and the last prayers been said
                    <li n="31"/>and six pallbearers
                </stanza><pb pNum="261"/><stanza>
                    <li n="32"/>Carried him out for dead
                    <li n="33"/>And off down Lenox Avenue
                    <li n="34"/>That long black hearse done sped,
                    <li n="35"/>
                        <format margin="ind1">The streetlight</format>
                    
                    <li n="36"/>
                        <format margin="ind1">At his corner</format>
                    
                    <li n="37"/>
                        <format margin="ind1">Shined just like a tear-</format>
                    
                    <li n="38"/>That boy that they was mournin'
                    <li n="39"/>Was so dear, so dear
                    <li n="40"/>To them folks that brought the flowers,
                    <li n="41"/>To that girl who paid the preacher man-
                    <li n="42"/>It was all their tears that made
                    <li n="43"/>
                        <format margin="ind1">That poor boy's</format>
                    
                    <li n="44"/>
                        <format margin="ind1">Funeral grand.</format>
                    
                    <li n="45"/>
                        <format margin="ind1">Night funeral</format>
                    
                    <li n="46"/>
                        <format margin="ind1">In Harlem.</format>
                    
                </stanza>
        </poem>
        <poem xml:id="p-52">
            <title/>
            <stanza>
                    <li n="1"/>I don't dare start thinking in the morning.
                    <li n="2"/>I don't dare start thinking in the morning.
                    <li n="3"/>
                        <format margin="ind1">If I thought thoughts in bed,</format>
                    
                    <li n="4"/>
                        <format margin="ind1">Them thoughts would bust my head-</format>
                    
                    <li n="5"/>So I don't dare start thinking in the morning.
                </stanza><stanza>
                    <li n="6"/>I don't dare remember in the morning
                    <li n="7"/>Don't dare remember in the morning.
                    <li n="8"/>
                        <format margin="ind1">If I recall the day before,</format>
                    
                    <li n="9"/>
                        <format margin="ind1">I wouldn't get up no more-</format>
                    
                    <li n="10"/>So I don't dare remember in the morning.
                </stanza>
        </poem>
        <pb pNum="262"/>
        <poem xml:id="p-53">
            <title/>
            <stanza>
                    <li n="1"/>Chile, these steps is hard to climb.
                </stanza><stanza>
                    <li n="2"/>
                        <format wordType="italics" margin="ind1">Grandma, lend me a dime.</format>
                    
                </stanza><stanza>
                    <li n="3"/>Montage of a dream deferred:
                </stanza><stanza>
                    <li n="4"/>
                        <format wordType="italics" margin="ind1">Grandma acts like</format>
                    
                    <li n="5"/>
                        <format wordType="italics" margin="ind1">She ain't heard.</format>
                    
                </stanza><stanza>
                    <li n="6"/>Chile, Granny ain't got no dime.
                </stanza><stanza>
                    <li n="7"/>
                        <format wordType="italics" margin="ind1">I might've knowed</format>
                    
                    <li n="8"/>
                        <format wordType="italics" margin="ind1">It all the time.</format>
                    
                </stanza>
        </poem>
        <poem xml:id="p-54">
            <title/>
            <stanza>
                    <li n="1"/>White is right,
                    <li n="2"/>Yellow mellow,
                    <li n="3"/>Black, get back!
                </stanza><stanza>
                    <li n="4"/>
                        <format wordType="italics" margin="ind1">Do you believe that, Jack?</format>
                    
                </stanza><stanza>
                    <li n="5"/>Sure do!
                </stanza><stanza>
                    <li n="6"/>
                        <format wordType="italics" margin="ind1">Then you're a dope,</format>
                    
                    <li n="7"/>
                        <format wordType="italics" margin="ind1">for which there ain't no
                            hope.</format>
                    
                    <li n="8"/>
                        <format wordType="italics" margin="ind1">Black is fine!</format>
                    
                    <li n="9"/>
                        <format wordType="italics" margin="ind1">And, God knows,</format>
                    
                    <li n="10"/>
                        <format wordType="italics" margin="ind1">It's mine!</format>
                    
                </stanza>
        </poem>
        <pb pNum="263"/>
        <poem xml:id="p-55">
            <title/>
            <stanza>
                    <li n="1"/>Down home
                    <li n="2"/>he sets on a stoop
                    <li n="3"/>and watches the sun go by.
                    <li n="4"/>In Harlem
                    <li n="5"/>when his work is done
                    <li n="6"/>he sets in a bar with a beer.
                    <li n="7"/>He looks taller than he is
                    <li n="8"/>and younger than he ain't.
                    <li n="9"/>He looks darker than he is, too.
                    <li n="10"/>And he's smarter than he looks,
                </stanza><stanza>
                    <li n="11"/>
                        <format wordType="italics" margin="ind1">He ain't smart.</format>
                    
                    <li n="12"/>
                        <format wordType="italics" margin="ind1">That cat's a fool.</format>
                    
                </stanza><stanza>
                    <li n="13"/>Now he ain't neither.
                    <li n="14"/>He's a good man,
                    <li n="15"/>except he talks too much.
                    <li n="16"/>In fact, he's a great cat.
                    <li n="17"/>But when he drinks,
                    <li n="18"/>he drinks fast.
                </stanza><stanza>
                    <li n="19"/>
                        <format wordType="italics" margin="ind1">Sometimes</format>
                    
                    <li n="20"/>
                        <format wordType="italics" margin="ind1">he don't drink.</format>
                    
                </stanza><stanza>
                    <li n="21"/>True,
                    <li n="22"/>he just
                    <li n="23"/>lets his glass
                    <li n="24"/>set there.
                </stanza>
        </poem>
        <pb pNum="264"/>
        <poem xml:id="p-56">
            <title/>
            <stanza>
                    <li n="1"/>A woman standing in the doorway
                    <li n="2"/>Trying to make her where-with-all:
                    <li n="3"/>
                        <format wordType="italics">Come here, baby, darlin'!</format>
                    
                    <li n="4"/>
                        <format wordType="italics">Don't you hear me call?</format>
                    
                </stanza><stanza>
                    <li n="5"/>If I was anybody's sister,
                    <li n="6"/>I'd tell her, <format wordType="italics">Gimme a place to
                            sleep.</format>
                    <li n="7"/>But I ain't nobody's sister.
                    <li n="8"/>I'm just a poor lost sheep.
                </stanza><stanza>
                    <li n="9"/>Mary, Mary, Mary,
                    <li n="10"/>Had a little lamb.
                    <li n="11"/>Well, I hope that lamb of Mary's
                    <li n="12"/>Don't turn out like I am.
                </stanza>
        </poem>
        <poem xml:id="p-57">
            <title/>
            <stanza>
                    <li n="1"/>Shadow faces
                    <li n="2"/>In the shadow night
                    <li n="3"/>Before the early dawn
                    <li n="4"/>Bops bright.
                </stanza>
        </poem>
        <poem xml:id="p-58">
            <title/>
            <stanza>
                    <li n="1"/>There's been an eagle on a nickel,
                    <li n="2"/>An eagle on a quarter, too.
                    <li n="3"/>But there ain;t no eagle
                    <li n="4"/>On a dime.
                </stanza>
        </poem>
        <pb pNum="265"/>
        <poem xml:id="p-59">
            <title/>
            <stanza>
                    <li n="1"/>They worshipped Joe.
                    <li n="2"/>A school teacher
                    <li n="3"/>whose hair was gray
                    <li n="4"/>said:
                </stanza><stanza>
                    <li n="5"/>
                        <format wordType="italics" margin="ind1">Joe has sense enough to
                            know</format>
                    
                    <li n="6"/>
                        <format wordType="italics" margin="ind1">He is a god.</format>
                    
                    <li n="7"/>
                        <format wordType="italics" margin="ind1">So many gods don't know.</format>
                    
                </stanza><stanza>
                    <li n="8"/>"They say" ... "They say" ... "They say" ...
                    <li n="9"/>But the gossips had no
                    <li n="10"/>"They say"
                    <li n="11"/>to latch onto
                    <li n="12"/>for Joe.
                </stanza>
        </poem>
        <poem xml:id="p-60">
            <title/>
            <stanza>
                    <li n="1"/>Mingled
                    <li n="2"/>breath and smell<format wordType="handwritten">*</format>
                    <li n="3"/>so close
                    <li n="4"/>mingled
                    <li n="5"/>black and white
                    <li n="6"/>so near
                    <li n="7"/>no room for fear
                </stanza>
        </poem>
        <poem xml:id="p-61">
            <title/>
            <stanza>
                    <li n="1"/>We're related-you and I,
                    <li n="2"/>You from the West Indies,
                    <li n="3"/>I from Kentucky.
                </stanza><pb pNum="266"/><stanza>
                    <li n="4"/>Kinsmen- you and I,
                    <li n="5"/>You from Africa,
                    <li n="6"/>I from the USA.
                </stanza><stanza>
                    <li n="7"/>Brothers-you and I.
                </stanza>
        </poem>
        <!-- up to 259 -->
        <!-- contributor: Aidan Olsen -->
        <pb pNum="266"/>
        <poem xml:id="p-62">
            <title/>
            <stanza>
                    <li n="1"/>The Jews:
                </stanza><stanza>
                    <li n="2"/>Groceries
                    <li n="3"/>Suits
                    <li n="4"/>Fruits
                    <li n="5"/>Watches
                    <li n="6"/>Diamond rings
                    <li n="7"/>
                        <format wordType="caps">THE DAILY NEWS</format>
                    
                </stanza><stanza>
                    <li n="8"/>Jews sell me things.
                    <li n="9"/>Yom Kippur, no!
                    <li n="10"/>Shops all over Harlem
                    <li n="11"/>close up tight that night.
                </stanza><stanza>
                    <li n="11"/>Some folks blame high prices on the Jews.
                    <li n="12"/>(Some folks blame too much on Jews.)
                    <li n="13"/>But in Harlem they don't answer back,
                    <li n="14"/>Just maybe shrug their shoulders,
                    <li n="15"/>"What's the use?"
                    <li n="16"/>What's the use
                    <li n="17"/>in Harlem?
                    <li n="18"/>What's the use?
                    <li n="19"/>What's the Harlem?
                    <li n="20"/>Use in Harlem
                </stanza><pb pNum="267"/><stanza>
                    <li n="21"/>
                        <format wordType="italics">Hey!</format>
                    
                    <li n="22"/>
                        <format wordType="italics">Baba-re-bop!</format>
                    
                    <li n="23"/>
                        <format wordType="italics">Mop!</format>
                    
                    <li n="24"/>
                        <format wordType="italics">On a be-bop kick!</format>
                    
                </stanza><stanza>
                    <li n="25"/>Sometimes I think
                    <li n="26"/>Jews have heard
                    <li n="27"/>the music of a
                    <li n="28"/>dream deferred.
                </stanza>
        </poem>
        <poem xml:id="p-63">
            <title/>
            <stanza>
                    <li n="1"/>Cheap little rhymes
                    <li n="2"/>A cheap little tune
                    <li n="3"/>Are sometimes as dangerous
                    <li n="4"/>As a sliver of the moon.
                    <li n="5"/>A cheap little tune
                    <li n="6"/>To cheap little rhymes
                    <li n="7"/>Can cut a man's
                    <li n="8"/>Throat sometimes.
                </stanza>
        </poem>
        <poem xml:id="p-64">
            <title/>
            <stanza>
                    <li n="1"/>He rose up on his dying bed
                    <li n="2"/>and asked for fish.
                    <li n="3"/>His wife looked it up in her dream book
                    <li n="4"/>and played it.
                </stanza>
        </poem>
        <pb pNum="268"/>
        <poem xml:id="p-65">
            <title/>
            <stanza>
                    <li n="1"/>Tinkling treble,
                    <li n="2"/>Rolling bass,
                    <li n="3"/>High noon teeth
                    <li n="4"/>In a midnight face,
                    <li n="5"/>Great long fingers
                    <li n="6"/>On great big hands,
                    <li n="7"/>Screaming pedals
                    <li n="8"/>Where his twelve-shoe lands,
                    <li n="9"/>Looks like his eyes
                    <li n="10"/>Are teasing pain,
                    <li n="11"/>A few minutes late
                    <li n="12"/>For the Freedom Train.
                </stanza>
        </poem>
        <poem xml:id="p-66">
            <title/>
            <stanza>
                    <li n="1"/>What happens to a dream deffered?
                </stanza><stanza>
                    <li n="2"/>Does it dry up
                    <li n="3"/>like a raisin in the sun?
                    <li n="4"/>Or fester like a sore-
                    <li n="5"/>And then run?
                    <li n="6"/>Does it stink like rotten meat?
                    <li n="7"/>Or crust and sugar over-
                    <li n="8"/>like a syrupy sweet?
                </stanza><stanza>
                    <li n="9"/>Maybe it just sags
                    <li n="10"/>like a heavy load.
                </stanza><stanza>
                    <li n="11"/>
                        <format wordType="italics">Or does it explode?</format>
                    
                </stanza>
        </poem>
        <pb pNum="269"/>
        <poem xml:id="p-67">
            <title/>
            <stanza>
                    <li n="1"/>Good morning, daddy!
                    <li n="2"/>I was born here, he said,
                    <li n="3"/>watched Harlem grow
                    <li n="4"/>until colored folks spread
                    <li n="5"/>from river to river
                    <li n="6"/>across the middle of Manhatten
                    <li n="7"/>out of Penn Station
                    <li n="8"/>dark tenth of a nation,
                    <li n="9"/>planes from Puerto Rico
                    <li n="10"/>and holds of boats, chico,
                    <li n="11"/>up from Cuba Haiti Jamaica
                    <li n="12"/>in buses marked New York
                    <li n="13"/>from Georgia Florida Louisiana
                    <li n="14"/>to Harlem Brookly the Bronx
                    <li n="15"/>but most of all to Harlem
                    <li n="16"/>dusky sash across Manhattan
                    <li n="17"/>I've seen them come dark
                </stanza><stanza>
                    <li n="18"/>wondering
                    <li n="19"/>wide-eyed
                    <li n="20"/>dreaming
                </stanza><stanza>
                    <li n="21"/>out of Penn Station-
                    <li n="22"/>but the trains are late.
                    <li n="23"/>The gates open-
                    <li n="24"/>but the trains are late.
                    <li n="25"/>The gates open-
                    <li n="26"/>Yet there're bars
                    <li n="27"/>at each gate.
                </stanza><stanza>
                    <li n="28"/>What happens
                    <li n="29"/>to a dream deferred?
                </stanza><stanza>
                    <li n="30"/>Daddy, ain't you heard?
                </stanza>
        </poem>
        <pb pNum="270"/>
        <poem xml:id="p-68">
            <title/>
            <stanza>
                    <li n="1"/>I said to my baby,
                    <li n="2"/>Baby, take it slow.
                    <li n="3"/>I can't, she said, I can't!
                    <li n="4"/>I got to go!
                </stanza><stanza>
                    <li n="5"/>
                        <format wordType="italics">There's a certain</format>
                    
                    <li n="6"/>
                        <format wordType="italics">amount of traveling</format>
                    
                    <li n="7"/>
                        <format wordType="italics">in a dream deferred.</format>
                    
                </stanza><stanza>
                    <li n="8"/>Lulu said to leonard,
                    <li n="9"/>I want a diamond ring.
                    <li n="10"/>Leonard said to Lulu,
                    <li n="11"/>You won't get a goddamn thing!
                </stanza><stanza>
                    <li n="12"/>
                        <format wordType="italics">A certain</format>
                    
                    <li n="13"/>
                        <format wordType="italics">amount of nothing</format>
                    
                    <li n="14"/>
                        <format wordType="italics">in a dream deferrred.</format>
                    
                </stanza><stanza>
                    <li n="15"/>Daddy, daddy, daddy,
                    <li n="16"/>All I want is you.
                    <li n="17"/>You can have me, baby-
                    <li n="18"/>but my lovin' days is through.
                </stanza><stanza>
                    <li n="19"/>
                        <format wordType="italics">A certain</format>
                    
                    <li n="20"/>
                        <format wordType="italics">amount of impotence</format>
                    
                    <li n="21"/>
                        <format wordType="italics">in a dream deferrred.</format>
                    
                </stanza><stanza>
                    <li n="22"/>Three parties
                    <li n="23"/>On my party line-
                    <li n="24"/>But that third party,
                    <li n="25"/>Lord, ain't mine!
                </stanza><pb pNum="271"/><stanza>
                    <li n="26"/>
                        <format wordType="italics">There's liable</format>
                    
                    <li n="27"/>
                        <format wordType="italics">to be confusion</format>
                    
                    <li n="28"/>
                        <format wordType="italics">in a dream deferred.</format>
                    
                </stanza><stanza>
                    <li n="29"/>From river to river,
                    <li n="30"/>Uptown and Down,
                    <li n="31"/>There's liable to be confusion
                    <li n="32"/>when a dream gets kicked around.
                </stanza>
        </poem>
        <poem xml:id="p-69">
            <title/>
            <stanza>
                    <li n="1"/>You talk like
                    <li n="2"/>They don't kick
                    <li n="3"/>dreams around
                    <li n="4"/>downtown.
                </stanza><stanza>
                    <li n="5"/>
                        <format wordType="italics">I expect they do-</format>
                    
                    <li n="6"/>
                        <format wordType="italics">But I'm talking about</format>
                    
                    <li n="7"/>
                        <format wordType="italics">Harlem to you!</format>
                    
                </stanza>
        </poem>
        <poem xml:id="p-70">
            <title/>
            <stanza>
                    <li n="1"/>
                        <format wordType="italics">Dear Mama,</format>
                    
                    <li n="2"/>
                        <format wordType="italics">Time I pay rent and get my food</format>
                    
                    <li n="3"/>
                        <format wordType="italics">and laundry I don't have much left</format>
                    
                    <li n="4"/>
                        <format wordType="italics">but here is five dollars for you</format>
                    
                    <li n="5"/>
                        <format wordType="italics">to show you I still appreciates you.</format>
                    
                    <li n="6"/>
                        <format wordType="italics">My girl-friend send her love and say</format>
                    
                    <li n="7"/>
                        <format wordType="italics">she hopes to lay eyes on you sometime in
                            life.</format>
                    
                </stanza><pb pNum="272"/><stanza>
                    <li n="8"/>
                        <format wordType="italics">Mama, it has been raining cats and dogs
                            up</format>
                    
                    <li n="8"/>
                        <format wordType="italics">here. Well, that is all so I will close.</format>
                    
                    <li n="8"/>
                        <format wordType="italics">Your son baby</format>
                    
                    <li n="8"/>
                        <format wordType="italics">Respectably as ever,</format>
                    
                    <li n="8"/>
                        <format wordType="italics">Joe</format>
                    
                </stanza>
        </poem>
        <poem xml:id="p-71">
            <title/>
            <stanza>
                    <li n="1"/>Between two rivers,
                    <li n="2"/>North of the park,
                    <li n="3"/>Like darker rivers
                    <li n="4"/>The streets are dark.
                </stanza><stanza>
                    <li n="5"/>Black and white,
                    <li n="6"/>Gold and brown-
                    <li n="7"/>Chocolate-custard
                    <li n="8"/>Pie of a town.
                </stanza><stanza>
                    <li n="9"/>
                        <format wordType="italics">Dream within a dream,</format>
                    
                    <li n="10"/>
                        <format wordType="italics">Our dream deferred.</format>
                    
                </stanza><stanza>
                    <li n="11"/>Good morning, daddy!
                </stanza><stanza>
                    <li n="12"/>Ain't you heard?
                </stanza>
        </poem>
        <!--AMO: page is un-numbered but IS 273-->
        <pb pNum="273"/>
        <title>
            <format wordType="cap">WORDS LIKE FREEDOM</format>
        </title>
        <!-- up to 268 -->
    </text>
</xml>